X1,X2,X3,X4,X5,X6,X7,X8,X9,y
0.0,0.84988,0.0,0.9143,0.0,0.0,1.0,0.0,1.0,0.97727
0.0587,0.7387,0.0,0.78562,0.0,0.0,1.0,0.0,1.0,0.9597
0.10034,0.79429,0.0,0.94353,0.0,0.0,1.0,0.0,1.0,0.97686
0.15904,0.82681,0.0,0.97512,0.0,1.0,0.0,1.0,0.0,0.98305
0.20068,0.86777,0.0,0.94747,0.0,1.0,0.0,1.0,0.0,0.98202
0.25938,0.79429,0.0,0.88704,0.0,1.0,0.0,0.0,1.0,0.97913
0.3259,0.84988,0.0,0.88825,0.0,0.0,1.0,0.0,1.0,0.98409
0.34039,0.7387,0.0,0.89025,0.0,0.0,1.0,1.0,0.0,0.97293
0.38204,0.84988,0.0,0.97402,0.0,1.0,0.0,1.0,0.0,0.9845
0.39203,0.86777,0.0,0.82764,0.0,0.0,1.0,1.0,0.0,0.98161
0.40137,0.7387,0.0,0.79554,0.0,0.0,1.0,0.0,1.0,0.96549
0.41015,0.79429,0.0,0.93547,0.0,1.0,0.0,1.0,0.0,0.98264
0.43001,0.7387,0.0,0.93398,0.0,1.0,0.0,1.0,0.0,0.97458
0.43367,0.7387,0.0,0.79597,0.0,1.0,0.0,0.0,1.0,0.96528
0.45072,0.7387,0.0,0.9885,0.0,0.0,1.0,0.0,1.0,0.97479
0.45391,0.7387,0.0,0.86552,0.0,0.0,1.0,1.0,0.0,0.97128
0.46007,0.7387,0.0,0.96268,0.0,0.0,1.0,1.0,0.0,0.97644
0.48238,0.82681,0.0,0.8871,0.0,0.0,1.0,0.0,1.0,0.98305
0.48494,0.82681,0.0,0.95918,0.0,0.0,1.0,1.0,0.0,0.98388
0.49476,0.82681,0.0,0.98374,0.0,0.0,1.0,1.0,0.0,0.98367
0.51049,0.86777,0.0,0.8289,0.0,1.0,0.0,0.0,1.0,0.98161
0.52273,0.7387,0.0,0.99369,0.0,0.0,1.0,0.0,1.0,0.975
0.52467,0.79429,0.0,0.93514,0.0,1.0,0.0,0.0,1.0,0.98161
0.52659,0.86777,0.0,0.84489,0.0,1.0,0.0,0.0,1.0,0.98119
0.53582,0.79429,0.0,0.90607,0.0,1.0,0.0,1.0,0.0,0.9814
0.53759,0.82681,0.0,0.9549,0.0,1.0,0.0,1.0,0.0,0.98429
0.55581,0.84988,0.0,0.89069,0.0,1.0,0.0,0.0,1.0,0.98388
0.56919,0.7387,0.0,0.90291,0.0,0.0,1.0,0.0,1.0,0.97128
0.57611,0.84988,0.0,0.83623,0.0,1.0,0.0,1.0,0.0,0.98202
0.57746,0.82681,0.0,0.93134,0.0,0.0,1.0,1.0,0.0,0.98347
0.58655,0.7387,0.0,0.81044,0.0,0.0,1.0,1.0,0.0,0.96714
0.59271,0.79429,0.0,0.78014,0.0,1.0,0.0,1.0,0.0,0.97438
0.59392,0.7387,0.0,0.88516,0.0,1.0,0.0,0.0,1.0,0.97066
0.59629,0.82681,0.0,0.98543,0.0,1.0,0.0,1.0,0.0,0.98491
0.59746,0.86777,0.0,0.89712,0.0,0.0,1.0,0.0,1.0,0.98471
0.59862,0.79429,0.0,0.93827,0.0,1.0,0.0,0.0,1.0,0.9814
0.59862,0.79429,0.0,0.98329,0.0,1.0,0.0,0.0,1.0,0.98181
0.59862,0.82681,0.0,0.98487,0.0,0.0,1.0,1.0,0.0,0.98429
0.59862,0.82681,0.0,0.99976,0.0,0.0,1.0,1.0,0.0,0.98429
0.60869,0.86777,0.0,0.85286,0.0,1.0,0.0,0.0,1.0,0.98243
0.61189,0.82681,0.0,0.98384,0.0,0.0,1.0,0.0,1.0,0.98409
0.61295,0.84988,0.0,0.85677,0.0,0.0,1.0,0.0,1.0,0.98181
0.61503,0.84988,0.0,0.86732,0.0,1.0,0.0,0.0,1.0,0.98223
0.6181,0.84988,0.0,0.9231,0.0,0.0,1.0,1.0,0.0,0.98512
0.61911,0.79429,0.0,0.79865,0.0,1.0,0.0,0.0,1.0,0.975
0.62011,0.7387,0.0,0.81424,0.0,0.0,1.0,1.0,0.0,0.969
0.62011,0.7387,0.0,0.90504,0.0,0.0,1.0,1.0,0.0,0.97231
0.6211,0.86777,0.0,0.99596,0.0,0.0,1.0,0.0,1.0,0.98512
0.62976,0.7387,0.0,0.87705,0.0,1.0,0.0,0.0,1.0,0.97066
0.63616,0.84988,0.0,0.87301,0.0,0.0,1.0,0.0,1.0,0.98285
0.63969,0.79429,0.0,0.9477,0.0,0.0,1.0,1.0,0.0,0.9814
0.64483,0.84988,0.0,0.91359,0.0,0.0,1.0,0.0,1.0,0.9845
0.64979,0.82681,0.0,0.87052,0.0,1.0,0.0,0.0,1.0,0.98202
0.6538,0.82681,0.0,0.99393,0.0,1.0,0.0,0.0,1.0,0.98429
0.65538,0.82681,0.0,0.89991,0.0,1.0,0.0,1.0,0.0,0.98305
0.66,0.79429,0.0,0.97853,0.0,0.0,1.0,0.0,1.0,0.98243
0.66225,0.79429,0.0,0.9948,0.0,0.0,1.0,0.0,1.0,0.98264
0.66448,0.7387,0.0,0.87937,0.0,0.0,1.0,0.0,1.0,0.97045
0.66739,0.84988,0.0,0.96203,0.0,1.0,0.0,1.0,0.0,0.98429
0.6681,0.82681,0.0,0.95011,0.0,0.0,1.0,0.0,1.0,0.98326
0.67442,0.82681,0.0,0.87065,0.0,1.0,0.0,1.0,0.0,0.98181
0.67781,0.7387,0.0,0.96999,0.0,1.0,0.0,0.0,1.0,0.97396
0.67847,0.82681,0.0,0.90666,0.0,1.0,0.0,1.0,0.0,0.98305
0.6798,0.82681,0.0,0.94398,0.0,0.0,1.0,0.0,1.0,0.98388
0.68177,0.84988,0.0,0.98044,0.0,0.0,1.0,0.0,1.0,0.98471
0.685,0.86777,0.0,0.98021,0.0,0.0,1.0,1.0,0.0,0.98367
0.68563,0.86777,0.0,0.85937,0.0,0.0,1.0,1.0,0.0,0.98305
0.68877,0.82681,0.0,0.81706,0.0,0.0,1.0,0.0,1.0,0.97789
0.69245,0.82681,0.0,0.81252,0.0,0.0,1.0,1.0,0.0,0.97872
0.69366,0.86777,0.0,0.80466,0.0,1.0,0.0,1.0,0.0,0.98181
0.69426,0.7387,0.0,0.76187,0.0,1.0,0.0,1.0,0.0,0.96384
0.69486,0.82681,0.0,0.9256,0.0,1.0,0.0,1.0,0.0,0.98388
0.69663,0.79429,0.0,0.98842,0.0,1.0,0.0,0.0,1.0,0.98285
0.69663,0.84988,0.0,0.97116,0.0,0.0,1.0,1.0,0.0,0.98429
0.69781,0.7387,0.0,0.98577,0.0,0.0,1.0,0.0,1.0,0.97438
0.70012,0.79429,0.0,0.96371,0.0,1.0,0.0,0.0,1.0,0.9814
0.70012,0.82681,0.0,0.75813,0.0,0.0,1.0,1.0,0.0,0.97624
0.70576,0.84988,0.0,0.95628,0.0,1.0,0.0,0.0,1.0,0.98491
0.70849,0.84988,0.0,0.9699,0.0,1.0,0.0,0.0,1.0,0.98471
0.70903,0.86777,0.0,0.81862,0.0,0.0,1.0,0.0,1.0,0.98202
0.71329,0.7387,0.0,0.91061,0.0,0.0,1.0,1.0,0.0,0.97272
0.71329,0.7387,0.0,0.97654,0.0,1.0,0.0,1.0,0.0,0.97603
0.71486,0.84988,0.0,0.92643,0.0,0.0,1.0,0.0,1.0,0.9845
0.71486,0.86777,0.0,0.91017,0.0,1.0,0.0,0.0,1.0,0.98388
0.71589,0.79429,0.0,0.95914,0.0,1.0,0.0,1.0,0.0,0.98305
0.71945,0.7387,0.0,0.99923,0.0,0.0,1.0,0.0,1.0,0.97458
0.71945,0.82681,0.0,0.9639,0.0,1.0,0.0,1.0,0.0,0.98388
0.72095,0.7387,0.0,0.99074,0.0,1.0,0.0,1.0,0.0,0.97727
0.72145,0.79429,0.0,0.96718,0.0,0.0,1.0,0.0,1.0,0.98223
0.72244,0.84988,0.0,0.98581,0.0,1.0,0.0,0.0,1.0,0.98512
0.72488,0.79429,0.0,0.92667,0.0,0.0,1.0,1.0,0.0,0.98119
0.72488,0.86777,0.0,0.99606,0.0,1.0,0.0,1.0,0.0,0.98181
0.72775,0.84988,0.0,0.84706,0.0,1.0,0.0,0.0,1.0,0.98223
0.7287,0.79429,0.0,0.88662,0.0,1.0,0.0,1.0,0.0,0.98057
0.73011,0.84988,0.0,0.99297,0.0,0.0,1.0,0.0,1.0,0.98491
0.73057,0.79429,0.0,0.77098,0.0,0.0,1.0,1.0,0.0,0.97334
0.74263,0.84988,0.0,0.99687,0.0,0.0,1.0,1.0,0.0,0.98347
0.74768,0.79429,0.0,0.89072,0.0,1.0,0.0,1.0,0.0,0.98037
0.7485,0.86777,0.0,0.96276,0.0,1.0,0.0,1.0,0.0,0.98367
0.75095,0.84988,0.0,0.86181,0.0,1.0,0.0,0.0,1.0,0.98285
0.75415,0.7387,0.0,0.98869,0.0,0.0,1.0,0.0,1.0,0.97396
0.7565,0.7387,0.0,0.96134,0.0,0.0,1.0,1.0,0.0,0.97479
0.75728,0.79429,0.0,0.94731,0.0,1.0,0.0,0.0,1.0,0.98223
0.75805,0.82681,0.0,0.91457,0.0,1.0,0.0,1.0,0.0,0.98326
0.7592,0.82681,0.0,0.88653,0.0,1.0,0.0,1.0,0.0,0.98305
0.76148,0.86777,0.0,0.90051,0.0,1.0,0.0,1.0,0.0,0.98429
0.76334,0.82681,0.0,0.76938,0.0,1.0,0.0,0.0,1.0,0.97624
0.76482,0.84988,0.0,0.96299,0.0,1.0,0.0,0.0,1.0,0.98471
0.76519,0.82681,0.0,0.94945,0.0,1.0,0.0,0.0,1.0,0.98367
0.76628,0.79429,0.0,0.81443,0.0,1.0,0.0,1.0,0.0,0.97582
0.76809,0.84988,0.0,0.85807,0.0,0.0,1.0,0.0,1.0,0.98243
0.76881,0.84988,0.0,0.94102,0.0,0.0,1.0,1.0,0.0,0.9845
0.76952,0.86777,0.0,0.95967,0.0,0.0,1.0,1.0,0.0,0.98367
0.77023,0.79429,0.0,0.86305,0.0,1.0,0.0,1.0,0.0,0.97954
0.77199,0.86777,0.0,0.9925,0.0,1.0,0.0,1.0,0.0,0.98223
0.77476,0.7387,0.0,0.98927,0.0,1.0,0.0,1.0,0.0,0.97686
0.7751,0.86777,0.0,0.9707,0.0,0.0,1.0,0.0,1.0,0.98471
0.77544,0.86777,0.0,0.91306,0.0,1.0,0.0,0.0,1.0,0.98429
0.77578,0.79429,0.0,0.82726,0.0,1.0,0.0,1.0,0.0,0.97644
0.77815,0.79429,0.0,0.99704,0.0,1.0,0.0,1.0,0.0,0.98243
0.78244,0.79429,0.0,0.97066,0.0,0.0,1.0,1.0,0.0,0.98223
0.78244,0.82681,0.0,0.94473,0.0,0.0,1.0,0.0,1.0,0.98388
0.78438,0.82681,0.0,0.98444,0.0,0.0,1.0,0.0,1.0,0.98429
0.78502,0.84988,0.0,0.99522,0.0,1.0,0.0,1.0,0.0,0.98326
0.78534,0.79429,0.0,0.96001,0.0,1.0,0.0,0.0,1.0,0.98223
0.78629,0.84988,0.0,0.84834,0.0,1.0,0.0,0.0,1.0,0.98223
0.78661,0.84988,0.0,0.94773,0.0,0.0,1.0,1.0,0.0,0.9845
0.78756,0.86777,0.0,0.81733,0.0,0.0,1.0,1.0,0.0,0.98223
0.78974,0.82681,0.0,0.97126,0.0,1.0,0.0,0.0,1.0,0.98409
0.79219,0.79429,0.0,0.95796,0.0,0.0,1.0,1.0,0.0,0.98223
0.79219,0.86777,0.0,0.94246,0.0,1.0,0.0,1.0,0.0,0.98471
0.7931,0.79429,0.0,0.96817,0.0,0.0,1.0,0.0,1.0,0.98243
0.7946,0.84988,0.0,0.97602,0.0,0.0,1.0,1.0,0.0,0.9845
0.79668,0.79429,0.0,0.8118,0.0,0.0,1.0,1.0,0.0,0.97582
0.79698,0.7387,0.0,0.85951,0.0,0.0,1.0,0.0,1.0,0.96962
0.79815,0.86777,0.0,0.8353,0.0,0.0,1.0,0.0,1.0,0.98181
0.80075,0.82681,0.0,0.806,0.0,0.0,1.0,0.0,1.0,0.97789
0.80104,0.82681,0.0,0.95279,0.0,1.0,0.0,1.0,0.0,0.98388
0.80104,0.84988,0.0,0.88889,0.0,1.0,0.0,0.0,1.0,0.98347
0.80189,0.84988,0.0,0.95321,0.0,0.0,1.0,0.0,1.0,0.98533
0.80275,0.79429,0.0,0.95306,0.0,0.0,1.0,1.0,0.0,0.98243
0.80359,0.7387,0.0,0.78972,0.0,1.0,0.0,0.0,1.0,0.96528
0.80359,0.79429,0.0,0.86631,0.0,1.0,0.0,0.0,1.0,0.97934
0.80359,0.82681,0.0,0.9868,0.0,0.0,1.0,0.0,1.0,0.98429
0.80471,0.82681,0.0,0.85595,0.0,0.0,1.0,0.0,1.0,0.9814
0.80527,0.84988,0.0,0.82087,0.0,1.0,0.0,0.0,1.0,0.98078
0.8061,0.7387,0.0,0.85072,0.0,0.0,1.0,0.0,1.0,0.969
0.80856,0.86777,0.0,0.86873,0.0,1.0,0.0,1.0,0.0,0.98326
0.80938,0.79429,0.0,0.95986,0.0,0.0,1.0,1.0,0.0,0.98243
0.81018,0.84988,0.0,0.90311,0.0,1.0,0.0,0.0,1.0,0.98388
0.81205,0.82681,0.0,0.96531,0.0,0.0,1.0,0.0,1.0,0.98388
0.81232,0.82681,0.0,0.95233,0.0,1.0,0.0,0.0,1.0,0.98409
0.81258,0.82681,0.0,0.91429,0.0,0.0,1.0,1.0,0.0,0.98347
0.81258,0.86777,0.0,0.91273,0.0,1.0,0.0,1.0,0.0,0.9845
0.81285,0.86777,0.0,0.95897,0.0,1.0,0.0,0.0,1.0,0.98533
0.8139,0.79429,0.0,0.93984,0.0,0.0,1.0,0.0,1.0,0.98119
0.81494,0.86777,0.0,0.76374,0.0,1.0,0.0,0.0,1.0,0.9781
0.81853,0.86777,0.0,0.87659,0.0,1.0,0.0,1.0,0.0,0.98367
0.8208,0.79429,0.0,0.95403,0.0,1.0,0.0,1.0,0.0,0.98285
0.82229,1.0,0.0,0.92953,0.0,0.0,1.0,0.0,1.0,0.95431
0.82352,0.7387,0.0,0.80816,0.0,0.0,1.0,1.0,0.0,0.96735
0.82474,0.86777,0.0,0.81791,0.0,1.0,0.0,0.0,1.0,0.98119
0.82522,0.84988,0.0,0.93971,0.0,0.0,1.0,1.0,0.0,0.9845
0.82619,0.79429,0.0,0.99588,0.0,1.0,0.0,0.0,1.0,0.98264
0.82715,0.86777,0.0,0.95849,0.0,0.0,1.0,1.0,0.0,0.9845
0.82762,0.7387,0.0,0.89116,0.0,1.0,0.0,1.0,0.0,0.9719
0.82834,0.7387,0.0,0.91572,0.0,1.0,0.0,0.0,1.0,0.9721
0.82952,0.79429,0.0,0.97195,0.0,1.0,0.0,1.0,0.0,0.98243
0.82998,0.7387,0.0,0.984,0.0,0.0,1.0,1.0,0.0,0.97706
0.83022,0.82681,0.0,0.83045,0.0,0.0,1.0,1.0,0.0,0.98037
0.83022,0.86777,0.0,0.93645,0.0,0.0,1.0,0.0,1.0,0.98533
0.83069,0.7387,0.0,0.96716,0.0,0.0,1.0,1.0,0.0,0.97603
0.83185,0.84988,0.0,0.8584,0.0,1.0,0.0,0.0,1.0,0.98223
0.83391,0.82681,0.0,0.86443,0.0,0.0,1.0,1.0,0.0,0.98161
0.83414,0.86777,0.0,0.77316,0.0,0.0,1.0,0.0,1.0,0.9783
0.83595,0.7387,0.0,0.77315,0.0,0.0,1.0,0.0,1.0,0.96425
0.8364,0.86777,0.0,0.95106,0.0,1.0,0.0,1.0,0.0,0.9845
0.83707,0.82681,0.0,0.9489,0.0,0.0,1.0,1.0,0.0,0.98367
0.83818,0.86777,0.0,0.98859,0.0,1.0,0.0,0.0,1.0,0.98512
0.83906,0.86777,0.0,0.98453,0.0,1.0,0.0,0.0,1.0,0.95782
0.84081,0.79429,0.0,0.93797,0.0,0.0,1.0,0.0,1.0,0.98099
0.84103,0.86777,0.0,0.85876,0.0,1.0,0.0,0.0,1.0,0.98347
0.84254,0.82681,0.0,0.83774,0.0,0.0,1.0,0.0,1.0,0.98037
0.84425,0.86777,0.0,0.99961,0.0,1.0,0.0,1.0,0.0,0.98202
0.84467,0.84988,0.0,0.9722,0.0,0.0,1.0,1.0,0.0,0.98471
0.84615,0.86777,0.0,0.95756,0.0,0.0,1.0,0.0,1.0,0.98533
0.84719,0.84988,0.0,0.82944,0.0,0.0,1.0,1.0,0.0,0.98243
0.84843,0.86777,0.0,0.9902,0.0,0.0,1.0,1.0,0.0,0.98243
0.84905,0.84988,0.0,0.9815,0.0,0.0,1.0,1.0,0.0,0.98409
0.85089,0.7387,0.0,0.99379,0.0,1.0,0.0,0.0,1.0,0.97438
0.8521,0.7387,0.0,0.96221,0.0,1.0,0.0,0.0,1.0,0.97314
0.8533,0.82681,0.0,0.8706,0.0,0.0,1.0,0.0,1.0,0.98161
0.8541,0.84988,0.0,0.9069,0.0,0.0,1.0,1.0,0.0,0.98429
0.85489,0.79429,0.0,0.98394,0.0,1.0,0.0,1.0,0.0,0.98264
0.85762,0.79429,0.0,0.9243,0.0,1.0,0.0,1.0,0.0,0.98181
0.85839,0.82681,0.0,0.81715,0.0,1.0,0.0,0.0,1.0,0.9783
0.85897,0.82681,0.0,0.94255,0.0,0.0,1.0,0.0,1.0,0.98347
0.85916,0.79429,0.0,0.75959,0.0,0.0,1.0,0.0,1.0,0.9719
0.85916,0.84988,0.0,0.96878,0.0,0.0,1.0,0.0,1.0,0.98491
0.85974,0.79429,0.0,0.97284,0.0,0.0,1.0,0.0,1.0,0.98181
0.86012,0.86777,0.0,0.87924,0.0,0.0,1.0,0.0,1.0,0.98347
0.86031,0.7387,0.0,0.85878,0.0,0.0,1.0,1.0,0.0,0.97045
0.86107,0.84988,0.0,0.93265,0.0,1.0,0.0,0.0,1.0,0.98491
0.86144,0.79429,0.0,0.93127,0.0,1.0,0.0,0.0,1.0,0.9814
0.86182,0.84988,0.0,0.98548,0.0,1.0,0.0,1.0,0.0,0.98409
0.86201,0.86777,0.0,0.93553,0.0,1.0,0.0,1.0,0.0,0.9845
0.86257,0.84988,0.0,0.93067,0.0,1.0,0.0,1.0,0.0,0.98491
0.86257,0.84988,0.0,0.96805,0.0,0.0,1.0,1.0,0.0,0.98533
0.86424,0.86777,0.0,0.83836,0.0,0.0,1.0,0.0,1.0,0.98285
0.86461,0.7387,0.0,0.97668,0.0,0.0,1.0,0.0,1.0,0.97355
0.86553,0.79429,0.0,0.95878,0.0,0.0,1.0,0.0,1.0,0.98202
0.86553,0.82681,0.0,0.91247,0.0,0.0,1.0,1.0,0.0,0.98326
0.86626,0.7387,0.0,0.85555,0.0,0.0,1.0,0.0,1.0,0.96962
0.86644,0.84988,0.0,0.99124,0.0,0.0,1.0,0.0,1.0,0.98471
0.86861,0.84988,0.0,0.91758,0.0,0.0,1.0,1.0,0.0,0.98491
0.86915,0.84988,0.0,0.77499,0.0,0.0,1.0,0.0,1.0,0.97706
0.86951,0.79429,0.0,0.90849,0.0,0.0,1.0,1.0,0.0,0.98057
0.8704,0.84988,0.0,0.9396,0.0,1.0,0.0,1.0,0.0,0.98471
0.8711,0.82681,0.0,0.86336,0.0,0.0,1.0,1.0,0.0,0.98202
0.87268,0.82681,0.0,0.95654,0.0,0.0,1.0,1.0,0.0,0.98429
0.87286,0.84988,0.0,0.86961,0.0,0.0,1.0,0.0,1.0,0.98326
0.8732,0.7387,0.0,0.92399,0.0,0.0,1.0,0.0,1.0,0.97252
0.8763,0.82681,0.0,0.90496,0.0,0.0,1.0,1.0,0.0,0.98326
0.87664,0.84988,0.0,0.9654,0.0,1.0,0.0,0.0,1.0,0.98512
0.87782,0.82681,0.0,0.91814,0.0,0.0,1.0,0.0,1.0,0.98264
0.87782,0.86777,0.0,0.80855,0.0,1.0,0.0,1.0,0.0,0.98202
0.87799,0.7387,0.0,0.99268,0.0,1.0,0.0,1.0,0.0,0.97686
0.87866,0.86777,0.0,0.95715,0.0,0.0,1.0,1.0,0.0,0.98491
0.87933,0.7387,0.0,0.91807,0.0,1.0,0.0,1.0,0.0,0.97231
0.87966,0.7387,0.0,0.9433,0.0,0.0,1.0,0.0,1.0,0.97252
0.87966,0.82681,0.0,0.96585,0.0,1.0,0.0,0.0,1.0,0.98388
0.87983,0.82681,0.0,0.99663,0.0,1.0,0.0,0.0,1.0,0.98491
0.87999,0.86777,0.0,0.91492,0.0,0.0,1.0,1.0,0.0,0.98429
0.88016,0.84988,0.0,0.99744,0.0,0.0,1.0,0.0,1.0,0.98533
0.88131,0.84988,0.0,0.99973,0.0,0.0,1.0,0.0,1.0,0.98471
0.88131,0.86777,0.0,0.89958,0.0,0.0,1.0,0.0,1.0,0.98471
0.88311,0.7387,0.0,0.9313,0.0,0.0,1.0,1.0,0.0,0.97355
0.88311,0.84988,0.0,0.99728,0.0,0.0,1.0,0.0,1.0,0.98512
0.88537,0.86777,0.0,0.92544,0.0,1.0,0.0,0.0,1.0,0.98512
0.88632,0.7387,0.0,0.92022,0.0,0.0,1.0,0.0,1.0,0.9721
0.88727,0.82681,0.0,0.94961,0.0,0.0,1.0,1.0,0.0,0.98388
0.8879,0.82681,0.0,0.87441,0.0,0.0,1.0,1.0,0.0,0.98223
0.88868,0.79429,0.0,0.92421,0.0,1.0,0.0,0.0,1.0,0.98161
0.88977,0.7387,0.0,0.88065,0.0,1.0,0.0,1.0,0.0,0.97148
0.88993,0.82681,0.0,0.9372,0.0,1.0,0.0,1.0,0.0,0.98347
0.89101,0.84988,0.0,0.99478,0.0,0.0,1.0,1.0,0.0,0.98285
0.89147,0.86777,0.0,0.97998,0.0,1.0,0.0,0.0,1.0,0.98471
0.89223,0.84988,0.0,0.9736,0.0,1.0,0.0,0.0,1.0,0.98471
0.89299,0.84988,0.0,0.8397,0.0,0.0,1.0,0.0,1.0,0.98202
0.89329,0.82681,0.0,0.90677,0.0,0.0,1.0,0.0,1.0,0.98181
0.8945,0.86777,0.0,0.98999,0.0,0.0,1.0,1.0,0.0,0.98243
0.8951,0.82681,0.0,0.88143,0.0,0.0,1.0,0.0,1.0,0.98181
0.89525,0.79429,0.0,0.83052,0.0,0.0,1.0,1.0,0.0,0.97706
0.89599,0.7387,0.0,0.87425,0.0,0.0,1.0,1.0,0.0,0.97128
0.89614,0.82681,0.0,0.79002,0.0,0.0,1.0,1.0,0.0,0.97727
0.89658,0.82681,0.0,0.94166,0.0,1.0,0.0,0.0,1.0,0.98347
0.89878,0.84988,0.0,0.97098,0.0,1.0,0.0,1.0,0.0,0.98533
0.90023,0.84988,0.0,0.91914,0.0,0.0,1.0,1.0,0.0,0.9845
0.90038,0.79429,0.0,0.98078,0.0,1.0,0.0,1.0,0.0,0.98264
0.90067,0.84988,0.0,0.95954,0.0,0.0,1.0,1.0,0.0,0.98533
0.9011,0.79429,0.0,0.90036,0.0,1.0,0.0,0.0,1.0,0.98119
0.90124,0.84988,0.0,0.92515,0.0,1.0,0.0,1.0,0.0,0.98491
0.90195,0.79429,0.0,0.9411,0.0,1.0,0.0,1.0,0.0,0.98243
0.90281,0.84988,0.0,0.93848,0.0,1.0,0.0,1.0,0.0,0.98491
0.90323,0.86777,0.0,0.9756,0.0,0.0,1.0,0.0,1.0,0.98512
0.90478,0.79429,0.0,0.79013,0.0,0.0,1.0,1.0,0.0,0.97417
0.90519,0.7387,0.0,0.77426,0.0,0.0,1.0,1.0,0.0,0.96528
0.90686,0.7387,0.0,0.8249,0.0,0.0,1.0,0.0,1.0,0.96859
0.90686,0.7387,0.0,0.96851,0.0,0.0,1.0,0.0,1.0,0.97458
0.90782,0.82681,0.0,0.85412,0.0,1.0,0.0,0.0,1.0,0.9814
0.90795,0.84988,0.0,0.83568,0.0,1.0,0.0,1.0,0.0,0.98202
0.90823,0.82681,0.0,0.80053,0.0,0.0,1.0,1.0,0.0,0.9783
0.90864,0.86777,0.0,0.95692,0.0,0.0,1.0,0.0,1.0,0.98533
0.90986,0.7387,0.0,0.98384,0.0,1.0,0.0,0.0,1.0,0.97458
0.91147,0.82681,0.0,0.89183,0.0,0.0,1.0,0.0,1.0,0.98243
0.91187,0.84988,0.0,0.8214,0.0,0.0,1.0,1.0,0.0,0.98181
0.9124,0.82681,0.0,0.83939,0.0,0.0,1.0,0.0,1.0,0.97996
0.91293,0.7387,0.0,0.98632,0.0,0.0,1.0,0.0,1.0,0.97417
0.91319,0.84988,0.0,0.80111,0.0,1.0,0.0,0.0,1.0,0.97954
0.91398,0.79429,0.0,0.90309,0.0,1.0,0.0,0.0,1.0,0.98119
0.91424,0.86777,0.0,0.91322,0.0,0.0,1.0,0.0,1.0,0.98429
0.9145,0.82681,0.0,0.98138,0.0,0.0,1.0,1.0,0.0,0.98471
0.91502,0.86777,0.0,0.97699,0.0,0.0,1.0,0.0,1.0,0.98471
0.91515,0.7387,0.0,0.95964,0.0,0.0,1.0,1.0,0.0,0.97541
0.91554,0.86777,0.0,0.98702,0.0,0.0,1.0,0.0,1.0,0.9845
0.91593,0.84988,0.0,0.9429,0.0,0.0,1.0,0.0,1.0,0.98491
0.91606,0.84988,0.0,0.93473,0.0,0.0,1.0,1.0,0.0,0.98491
0.91632,0.86777,0.0,0.90174,0.0,1.0,0.0,1.0,0.0,0.98471
0.91645,0.82681,0.0,0.91015,0.0,0.0,1.0,0.0,1.0,0.98264
0.91709,0.84988,0.0,0.93556,0.0,1.0,0.0,0.0,1.0,0.9845
0.91773,0.86777,0.0,0.96887,0.0,0.0,1.0,0.0,1.0,0.98512
0.91888,0.7387,0.0,0.93326,0.0,1.0,0.0,1.0,0.0,0.97293
0.91976,0.84988,0.0,0.85959,0.0,0.0,1.0,0.0,1.0,0.98243
0.91989,0.7387,0.0,0.89342,0.0,0.0,1.0,0.0,1.0,0.97107
0.91989,0.7387,0.0,0.93549,0.0,1.0,0.0,1.0,0.0,0.97355
0.91989,0.7387,0.0,0.98311,0.0,0.0,1.0,0.0,1.0,0.97479
0.92014,0.7387,0.0,0.91554,0.0,0.0,1.0,1.0,0.0,0.97252
0.92089,0.79429,0.0,0.99519,0.0,1.0,0.0,0.0,1.0,0.98243
0.92201,0.82681,0.0,0.78217,0.0,0.0,1.0,0.0,1.0,0.97706
0.92238,0.82681,0.0,0.95497,0.0,0.0,1.0,0.0,1.0,0.98429
0.92238,0.86777,0.0,0.97476,0.0,1.0,0.0,0.0,1.0,0.98471
0.92251,0.86777,0.0,0.88062,0.0,1.0,0.0,0.0,1.0,0.98347
0.92251,0.86777,0.0,0.8993,0.0,1.0,0.0,1.0,0.0,0.98429
0.92263,0.82681,0.0,0.98146,0.0,0.0,1.0,1.0,0.0,0.98471
0.923,0.84988,0.0,0.97404,0.0,1.0,0.0,1.0,0.0,0.98471
0.92362,0.79429,0.0,0.84866,0.0,0.0,1.0,0.0,1.0,0.9781
0.92386,0.7387,0.0,0.97284,0.0,0.0,1.0,1.0,0.0,0.97603
0.92435,0.86777,0.0,0.92938,0.0,1.0,0.0,0.0,1.0,0.98491
0.92447,0.82681,0.0,0.97393,0.0,1.0,0.0,1.0,0.0,0.98429
0.92472,0.7387,0.0,0.89869,0.0,1.0,0.0,0.0,1.0,0.97086
0.92472,0.82681,0.0,0.95592,0.0,1.0,0.0,0.0,1.0,0.98367
0.92472,0.86777,0.0,0.98733,0.0,0.0,1.0,0.0,1.0,0.9845
0.9252,0.84988,0.0,0.90879,0.0,0.0,1.0,0.0,1.0,0.9845
0.92532,0.82681,0.0,0.82438,0.0,1.0,0.0,1.0,0.0,0.97996
0.92773,0.79429,0.0,0.94659,0.0,0.0,1.0,0.0,1.0,0.98181
0.92856,0.79429,0.0,0.98845,0.0,0.0,1.0,1.0,0.0,0.98305
0.92915,0.82681,0.0,0.9512,0.0,1.0,0.0,0.0,1.0,0.98388
0.92915,0.86777,0.0,0.90921,0.0,0.0,1.0,1.0,0.0,0.9845
0.92951,0.86777,0.0,0.84942,0.0,1.0,0.0,1.0,0.0,0.98305
0.92986,0.84988,0.0,0.9079,0.0,0.0,1.0,0.0,1.0,0.98429
0.93009,0.84988,0.0,0.99693,0.0,0.0,1.0,1.0,0.0,0.98285
0.93021,0.86777,0.0,0.90219,0.0,0.0,1.0,0.0,1.0,0.98388
0.9308,0.7387,0.0,0.84596,0.0,1.0,0.0,1.0,0.0,0.96921
0.93219,0.7387,0.0,0.95447,0.0,1.0,0.0,1.0,0.0,0.97479
0.93311,0.82681,0.0,0.9876,0.0,1.0,0.0,0.0,1.0,0.98429
0.93392,0.7387,0.0,0.99404,0.0,0.0,1.0,1.0,0.0,0.97727
0.93392,0.82681,0.0,0.98606,0.0,1.0,0.0,1.0,0.0,0.98471
0.93414,0.82681,0.0,0.85032,0.0,0.0,1.0,0.0,1.0,0.98078
0.93483,0.79429,0.0,0.87811,0.0,1.0,0.0,1.0,0.0,0.98078
0.93562,0.7387,0.0,0.97516,0.0,1.0,0.0,1.0,0.0,0.97644
0.93584,0.86777,0.0,0.93105,0.0,0.0,1.0,0.0,1.0,0.98491
0.93607,0.82681,0.0,0.85402,0.0,1.0,0.0,1.0,0.0,0.98161
0.93641,0.7387,0.0,0.89846,0.0,0.0,1.0,0.0,1.0,0.97107
0.93686,0.84988,0.0,0.77363,0.0,1.0,0.0,1.0,0.0,0.97706
0.93708,0.86777,0.0,0.93661,0.0,1.0,0.0,1.0,0.0,0.98491
0.9373,0.7387,0.0,0.84851,0.0,1.0,0.0,1.0,0.0,0.96983
0.93841,0.7387,0.0,0.94341,0.0,1.0,0.0,0.0,1.0,0.97314
0.93985,0.79429,0.0,0.80143,0.0,0.0,1.0,1.0,0.0,0.97438
0.93985,0.86777,0.0,0.94358,0.0,1.0,0.0,0.0,1.0,0.98533
0.94039,0.82681,0.0,0.80774,0.0,0.0,1.0,0.0,1.0,0.9781
0.94137,0.82681,0.0,0.96856,0.0,1.0,0.0,1.0,0.0,0.98388
0.94159,0.84988,0.0,0.81976,0.0,1.0,0.0,1.0,0.0,0.9814
0.94256,0.84988,0.0,0.82249,0.0,1.0,0.0,1.0,0.0,0.98243
0.94278,0.7387,0.0,0.94087,0.0,1.0,0.0,1.0,0.0,0.97376
0.94278,0.79429,0.0,0.87175,0.0,0.0,1.0,0.0,1.0,0.97892
0.94278,0.84988,0.0,0.98034,0.0,1.0,0.0,1.0,0.0,0.98429
0.94321,0.82681,0.0,0.99414,0.0,1.0,0.0,1.0,0.0,0.98409
0.94459,0.82681,0.0,0.98945,0.0,1.0,0.0,0.0,1.0,0.98429
0.94481,0.86777,0.0,0.99294,0.0,1.0,0.0,0.0,1.0,0.98512
0.94618,0.82681,0.0,0.8448,0.0,1.0,0.0,0.0,1.0,0.98119
0.94681,0.7387,0.0,0.86376,0.0,1.0,0.0,1.0,0.0,0.97066
0.94702,0.79429,0.0,0.92953,0.0,0.0,1.0,0.0,1.0,0.98099
0.94816,0.86777,0.0,0.81979,0.0,0.0,1.0,0.0,1.0,0.98119
0.94837,0.84988,0.0,0.98354,0.0,1.0,0.0,1.0,0.0,0.98409
0.94857,0.84988,0.0,0.98681,0.0,0.0,1.0,1.0,0.0,0.98388
0.94878,0.84988,0.0,0.98003,0.0,0.0,1.0,1.0,0.0,0.98429
0.94898,0.79429,0.0,0.8915,0.0,0.0,1.0,0.0,1.0,0.98078
0.94909,0.86777,0.0,0.97948,0.0,0.0,1.0,1.0,0.0,0.98305
0.95042,0.82681,0.0,0.76569,0.0,1.0,0.0,1.0,0.0,0.97624
0.95083,0.84988,0.0,0.85052,0.0,0.0,1.0,0.0,1.0,0.98181
0.95103,0.7387,0.0,0.97863,0.0,0.0,1.0,0.0,1.0,0.97376
0.95113,0.7387,0.0,0.91127,0.0,1.0,0.0,1.0,0.0,0.9721
0.95113,0.7387,0.0,0.98305,0.0,1.0,0.0,1.0,0.0,0.97665
0.95174,0.82681,0.0,0.87602,0.0,1.0,0.0,0.0,1.0,0.98161
0.95184,0.84988,0.0,0.94969,0.0,1.0,0.0,1.0,0.0,0.98429
0.95204,0.86777,0.0,0.95448,0.0,1.0,0.0,0.0,1.0,0.98512
0.95254,0.84988,0.0,0.9968,0.0,0.0,1.0,1.0,0.0,0.98285
0.95275,0.84988,0.0,0.89838,0.0,0.0,1.0,0.0,1.0,0.98367
0.95345,0.86777,0.0,0.84833,0.0,0.0,1.0,1.0,0.0,0.98326
0.95384,0.84988,0.0,0.80981,0.0,0.0,1.0,0.0,1.0,0.98016
0.95404,0.86777,0.0,0.88677,0.0,1.0,0.0,1.0,0.0,0.98409
0.95454,0.7387,0.0,0.94737,0.0,0.0,1.0,0.0,1.0,0.97293
0.95494,0.84988,0.0,0.97698,0.0,1.0,0.0,1.0,0.0,0.98471
0.95523,0.82681,0.0,0.99646,0.0,1.0,0.0,0.0,1.0,0.9845
0.95641,0.86777,0.0,0.88995,0.0,1.0,0.0,0.0,1.0,0.98326
0.95641,0.86777,0.0,0.97178,0.0,1.0,0.0,1.0,0.0,0.98367
0.95651,0.79429,0.0,0.96231,0.0,0.0,1.0,0.0,1.0,0.98223
0.9567,0.86777,0.0,0.93987,0.0,0.0,1.0,0.0,1.0,0.98533
0.9568,0.84988,0.0,0.98071,0.0,0.0,1.0,1.0,0.0,0.98429
0.95787,0.84988,0.0,0.92727,0.0,0.0,1.0,1.0,0.0,0.98491
0.95806,0.7387,0.0,0.94546,0.0,1.0,0.0,1.0,0.0,0.97396
0.95816,0.7387,0.0,0.96129,0.0,1.0,0.0,0.0,1.0,0.97355
0.95874,0.7387,0.0,0.89322,0.0,1.0,0.0,1.0,0.0,0.97231
0.95893,0.84988,0.0,0.94144,0.0,0.0,1.0,0.0,1.0,0.98491
0.95989,0.79429,0.0,0.98085,0.0,0.0,1.0,0.0,1.0,0.98243
0.96037,0.7387,0.0,0.95587,0.0,0.0,1.0,0.0,1.0,0.97396
0.96075,0.82681,0.0,0.9838,0.0,0.0,1.0,0.0,1.0,0.98388
0.96084,0.7387,0.0,0.96188,0.0,1.0,0.0,0.0,1.0,0.97417
0.96084,0.84988,0.0,0.89714,0.0,0.0,1.0,1.0,0.0,0.9845
0.96113,0.79429,0.0,0.97862,0.0,1.0,0.0,1.0,0.0,0.98264
0.96179,0.82681,0.0,0.94485,0.0,0.0,1.0,0.0,1.0,0.98326
0.96273,0.86777,0.0,0.97546,0.0,1.0,0.0,0.0,1.0,0.98491
0.96319,0.99358,0.0,0.78803,0.0,0.0,1.0,0.0,1.0,0.95079
0.96329,0.7387,0.0,0.87803,0.0,1.0,0.0,1.0,0.0,0.97169
0.96403,0.84988,0.0,0.7699,0.0,1.0,0.0,1.0,0.0,0.97727
0.96412,0.82681,0.0,0.98904,0.0,0.0,1.0,0.0,1.0,0.9845
0.96431,0.86777,0.0,1.0,0.0,0.0,1.0,0.0,1.0,0.98491
0.96449,0.7387,0.0,0.82519,0.0,1.0,0.0,1.0,0.0,0.969
0.96449,0.7387,0.0,0.85621,0.0,1.0,0.0,0.0,1.0,0.96962
0.96449,0.82681,0.0,0.94967,0.0,0.0,1.0,0.0,1.0,0.98367
0.96542,0.86777,0.0,0.79058,0.0,0.0,1.0,0.0,1.0,0.97975
0.96588,0.98287,0.0,0.82657,0.0,1.0,0.0,0.0,1.0,0.95255
0.96597,0.7387,0.0,0.88247,0.0,0.0,1.0,0.0,1.0,0.97086
0.96606,0.84988,0.0,0.96888,0.0,1.0,0.0,1.0,0.0,0.98512
0.96679,0.7387,0.0,0.93971,0.0,1.0,0.0,0.0,1.0,0.97293
0.96706,0.79429,0.0,0.95406,0.0,0.0,1.0,1.0,0.0,0.98243
0.96715,0.84988,0.0,0.85988,0.0,0.0,1.0,0.0,1.0,0.98243
0.96752,0.79429,0.0,0.97497,0.0,0.0,1.0,0.0,1.0,0.98223
0.96806,0.7387,0.0,0.83569,0.0,1.0,0.0,1.0,0.0,0.96962
0.96815,0.7387,0.0,0.997,0.0,1.0,0.0,0.0,1.0,0.975
0.96833,0.7387,0.0,0.89137,0.0,0.0,1.0,0.0,1.0,0.97086
0.96887,0.79429,0.0,0.9991,0.0,0.0,1.0,0.0,1.0,0.98264
0.96932,0.86777,0.0,0.97652,0.0,1.0,0.0,0.0,1.0,0.98491
0.96941,0.82681,0.0,0.78425,0.0,0.0,1.0,0.0,1.0,0.97748
0.96958,0.7387,0.0,0.95188,0.0,0.0,1.0,1.0,0.0,0.97479
0.96994,0.7387,0.0,0.98913,0.0,0.0,1.0,1.0,0.0,0.97706
0.97012,0.86777,0.0,0.97092,0.0,0.0,1.0,1.0,0.0,0.98367
0.97021,0.84988,0.0,0.8969,0.0,0.0,1.0,1.0,0.0,0.9845
0.97074,0.82681,0.0,0.9794,0.0,1.0,0.0,1.0,0.0,0.9845
0.97101,0.84988,0.0,0.95515,0.0,1.0,0.0,1.0,0.0,0.9845
0.97136,0.84988,0.0,0.89888,0.0,0.0,1.0,0.0,1.0,0.98388
0.9718,0.82681,0.0,0.97659,0.0,0.0,1.0,0.0,1.0,0.98409
0.97206,0.79429,0.0,0.97528,0.0,0.0,1.0,1.0,0.0,0.98264
0.97206,0.86777,0.0,0.77709,0.0,1.0,0.0,0.0,1.0,0.97872
0.97259,0.79429,0.0,0.89116,0.0,1.0,0.0,0.0,1.0,0.98057
0.97285,0.82681,0.0,0.97145,0.0,0.0,1.0,0.0,1.0,0.98429
0.97364,0.84988,0.0,0.88026,0.0,1.0,0.0,1.0,0.0,0.98305
0.97545,0.86777,0.0,0.94546,0.0,0.0,1.0,0.0,1.0,0.98533
0.97545,0.86777,0.0,0.9592,0.0,0.0,1.0,1.0,0.0,0.9845
0.97588,0.82681,0.0,0.96715,0.0,1.0,0.0,1.0,0.0,0.98409
0.97613,0.7387,0.0,0.9406,0.0,1.0,0.0,1.0,0.0,0.97376
0.9763,0.82681,0.0,0.94082,0.0,0.0,1.0,0.0,1.0,0.98326
0.97656,0.7387,0.0,0.91856,0.0,1.0,0.0,0.0,1.0,0.9721
0.97673,0.79429,0.0,0.94025,0.0,1.0,0.0,0.0,1.0,0.98161
0.97707,0.84988,0.0,0.92335,0.0,1.0,0.0,1.0,0.0,0.98491
0.97741,0.86777,0.0,0.9322,0.0,0.0,1.0,0.0,1.0,0.98491
0.97758,0.82681,0.0,0.8948,0.0,0.0,1.0,0.0,1.0,0.98202
0.97758,0.86777,0.0,0.94207,0.0,0.0,1.0,1.0,0.0,0.98471
0.97783,0.7387,0.0,0.98825,0.0,1.0,0.0,0.0,1.0,0.97396
0.978,0.7387,0.0,0.92775,0.0,1.0,0.0,0.0,1.0,0.9721
0.97884,0.79429,0.0,0.76501,0.0,1.0,0.0,0.0,1.0,0.97231
0.97892,0.86777,0.0,0.93159,0.0,0.0,1.0,1.0,0.0,0.98471
0.98001,0.79429,0.0,0.82712,0.0,0.0,1.0,1.0,0.0,0.97665
0.98034,0.7387,0.0,0.99091,0.0,0.0,1.0,1.0,0.0,0.97706
0.98067,0.84988,0.0,0.96597,0.0,0.0,1.0,1.0,0.0,0.98553
0.98108,0.79429,0.0,0.80595,0.0,0.0,1.0,0.0,1.0,0.97438
0.98125,0.86777,0.0,0.88998,0.0,1.0,0.0,1.0,0.0,0.98409
0.98182,0.82681,0.0,0.97895,0.0,0.0,1.0,1.0,0.0,0.9845
0.98272,0.84988,0.0,0.98819,0.0,0.0,1.0,1.0,0.0,0.98409
0.98378,0.96106,0.0,0.94868,0.0,0.0,1.0,0.0,1.0,0.95606
0.98386,0.84988,0.0,0.83904,0.0,1.0,0.0,0.0,1.0,0.98181
0.98491,0.84988,0.0,0.94812,0.0,0.0,1.0,0.0,1.0,0.98471
0.98507,0.7387,0.0,0.98337,0.0,1.0,0.0,1.0,0.0,0.97665
0.98523,0.82681,0.0,0.96196,0.0,0.0,1.0,1.0,0.0,0.98409
0.98555,0.7387,0.0,0.9805,0.0,1.0,0.0,1.0,0.0,0.97686
0.98563,0.79429,0.0,0.90163,0.0,1.0,0.0,1.0,0.0,0.98099
0.98587,0.82681,0.0,0.99303,0.0,0.0,1.0,1.0,0.0,0.98409
0.98595,0.82681,0.0,0.86536,0.0,0.0,1.0,1.0,0.0,0.98161
0.98611,0.84988,0.0,0.97347,0.0,1.0,0.0,0.0,1.0,0.98471
0.98643,0.7387,0.0,0.88629,0.0,0.0,1.0,0.0,1.0,0.97066
0.98659,0.84988,0.0,0.93345,0.0,0.0,1.0,0.0,1.0,0.9845
0.98659,0.86777,0.0,0.9941,0.0,0.0,1.0,1.0,0.0,0.98181
0.98666,0.82681,0.0,0.91008,0.0,1.0,0.0,1.0,0.0,0.98285
0.98714,0.84988,0.0,0.90888,0.0,0.0,1.0,0.0,1.0,0.98429
0.98722,0.84988,0.0,0.78236,0.0,1.0,0.0,1.0,0.0,0.97851
0.98754,0.7387,0.0,0.90674,0.0,1.0,0.0,1.0,0.0,0.9721
0.98777,0.79429,0.0,0.99241,0.0,1.0,0.0,1.0,0.0,0.98285
0.98903,0.82681,0.0,0.75469,0.0,1.0,0.0,0.0,1.0,0.97562
0.9891,0.86777,0.0,0.90772,0.0,1.0,0.0,1.0,0.0,0.9845
0.98918,0.79429,0.0,0.90667,0.0,1.0,0.0,1.0,0.0,0.98057
0.98957,0.79429,0.0,0.9288,0.0,0.0,1.0,1.0,0.0,0.98202
0.98965,0.7387,0.0,0.95901,0.0,0.0,1.0,0.0,1.0,0.97417
0.98973,0.82681,0.0,0.90242,0.0,0.0,1.0,1.0,0.0,0.98347
0.99019,0.82681,0.0,0.83593,0.0,0.0,1.0,1.0,0.0,0.98099
0.99019,0.84988,0.0,0.98885,0.0,0.0,1.0,0.0,1.0,0.98471
0.9905,0.86777,0.0,0.88505,0.0,0.0,1.0,0.0,1.0,0.98326
0.99058,0.7387,0.0,0.97152,0.0,0.0,1.0,1.0,0.0,0.97624
0.99127,0.86777,0.0,0.95108,0.0,1.0,0.0,1.0,0.0,0.98471
0.99158,0.84988,0.0,0.79214,0.0,1.0,0.0,0.0,1.0,0.97913
0.99189,0.7387,0.0,0.77579,0.0,1.0,0.0,1.0,0.0,0.9657
0.99219,0.84988,0.0,0.96578,0.0,1.0,0.0,1.0,0.0,0.98553
0.99273,0.82681,0.0,0.91178,0.0,0.0,1.0,0.0,1.0,0.98223
0.99318,0.86777,0.0,0.90492,0.0,0.0,1.0,0.0,1.0,0.98429
0.99326,0.7387,0.0,0.91114,0.0,0.0,1.0,1.0,0.0,0.97231
0.99326,0.86777,0.0,0.9859,0.0,1.0,0.0,1.0,0.0,0.98285
0.99401,0.84988,0.0,0.92075,0.0,1.0,0.0,1.0,0.0,0.98471
0.99477,0.86777,0.0,0.97018,0.0,1.0,0.0,1.0,0.0,0.98409
0.99492,0.82681,0.0,0.98971,0.0,1.0,0.0,1.0,0.0,0.9845
0.99499,0.86777,0.0,0.94572,0.0,1.0,0.0,0.0,1.0,0.98533
0.99581,0.82681,0.0,0.92193,0.0,0.0,1.0,0.0,1.0,0.98326
0.99656,0.86777,0.0,0.96906,0.0,0.0,1.0,0.0,1.0,0.9845
0.99671,0.7387,0.0,0.97066,0.0,1.0,0.0,0.0,1.0,0.97376
0.99678,0.86777,0.0,0.93035,0.0,1.0,0.0,1.0,0.0,0.98471
0.99685,0.7387,0.0,0.91765,0.0,0.0,1.0,0.0,1.0,0.97169
0.99685,0.7387,0.0,0.97037,0.0,1.0,0.0,0.0,1.0,0.97376
0.9973,0.79429,0.0,0.90889,0.0,0.0,1.0,0.0,1.0,0.9814
0.99767,0.86777,0.0,0.84589,0.0,0.0,1.0,1.0,0.0,0.98305
0.99825,0.84988,0.0,0.95138,0.0,1.0,0.0,1.0,0.0,0.98429
0.99862,0.7387,0.0,0.76594,0.0,0.0,1.0,1.0,0.0,0.96487
0.99862,0.79429,0.0,0.88035,0.0,1.0,0.0,0.0,1.0,0.97975
0.99884,0.79429,0.0,0.94932,0.0,1.0,0.0,0.0,1.0,0.98223
0.99891,0.79429,0.0,0.88591,0.0,0.0,1.0,1.0,0.0,0.98119
0.99927,0.7387,0.0,0.92721,0.0,0.0,1.0,1.0,0.0,0.97272
0.99971,0.79429,0.0,0.92642,0.0,1.0,0.0,0.0,1.0,0.98202
0.99978,0.7387,0.0,0.89097,0.0,0.0,1.0,1.0,0.0,0.97231
1.0,0.0,1.0,0.0,1.0,0.0,1.0,0.0,1.0,0.96134
